,SRM1950_1,SRM1950_2,SRM1950_3,SRM1950_4,AA_1,AA_2,AA_3,AA_4,T1D_1,T1D_2,T1D_3,T1D_4
DG 32:0,0.031463286,0.026241701,0.025269557,0.019457187,0.001863665,0,0,0,0.022591123,0.042753159,0.059492083,0.05556628
DG 32:1,0.045631219,0.043013635,0.044996735,0.057683216,0.012437984,0.006116906,0.008294718,0.014360246,0.015640166,0.029585579,0.045897309,0.057411487
DG 32:2,0,0,0.039689877,0,0.065692011,0.114627501,0.102911228,0.252001096,0.035222918,0.091222053,0.068059461,0.027080543
DG 34:0,0.012770549,0,0.000120856,0,0,0,0,0,0.00264444,0.008621879,0.015825346,0.007639685
DG 34:1,0.35165479,0.364556914,0.37404473,0.369566031,0.164873159,0.14418836,0.186583697,0.142892909,0.213148813,0.395044906,0.496840034,0.515083384
DG 34:2,0.291653342,0.297161808,0.343987599,0.299974288,0.157584763,0.144500183,0.201816768,0.193458462,0.149935373,0.299642387,0.382758913,0.369952717
DG 36:1,0.055083668,0.042798302,0.047922214,0.043554464,0.011869224,0.006457239,0.008304703,0.010400984,0.025802952,0.051169551,0.067460679,0.059458133
DG 36:2,0.501439079,0.497746028,0.555104451,0.542810616,0.126494306,0.105299813,0.14203473,0.12844564,0.20336062,0.365894975,0.518248793,0.520307832
DG 36:3,0.529581068,0.585408761,0.5993947,0.57995029,0.152336503,0.13144335,0.205752412,0.218430279,0.19302025,0.376435159,0.506393429,0.464913843
DG 36:4,0,0,0,0,0,0,0,0,0,0,0,0
PC 30:0,0.289913154,0.256203001,0.267187675,0.266459851,0.155624135,0,0.123758345,1.092868962,6.504390268,3.62592511,0.316641217,0.308463669
PC 30:1,0.045805614,0.041910399,0.042884598,0.039314974,0.008067572,0,0.005927916,0.048082879,0.75456096,0.336495736,0.036268525,0.02787324
PC 32:0,1.257861635,1.147171202,1.265856064,1.354795439,1.003779544,0,0.946461998,7.824583086,27.59812824,14.87581137,1.277984091,1.321978986
PC 32:1,1.919137466,1.756054379,0,2.092555332,0.641762691,0,0.017699553,4.450127656,35.78240075,0,1.654943427,0
PC 32:2,0.427692812,0.367733616,0.402017186,0.444271412,0.239831894,0,0.206415397,1.549740548,8.704645212,4.694184954,0.409986939,0.421000405
PC 34:1,0,14.38194862,20.97775346,21.86176398,0,0,12.81305468,94.28006417,460.5641314,228.6077258,20.86878609,20.02209596
PC 34:2,40.89503879,36.44053099,41.33526633,44.66159989,30.17128908,0,30.08699623,226.5186696,848.7894313,450.2201523,40.44978036,41.79322126
PC 34:3,0,0.027216122,0,1.488933602,0.678584503,0,0.633704815,5.080176839,22.83983027,12.08035689,0,1.117849878
PC 34:4,0.075200519,0.064366378,0.083159016,0.063311402,0.038871026,0,0.05140698,0.407469076,2.093357403,1.229621121,0.0800657,0.093651874
PC 36:1,2.837584363,2.84832836,3.122848538,0,0,0,0,0,0.630201547,0.296201061,0,0.063419525
PC 36:2,19.62264151,18.70771499,21.51070095,21.32796781,14.25925823,0,14.42874678,105.1191207,397.7937105,215.6493461,20.96261674,18.66323274
PC 36:3,13.87241689,12.17766353,13.98638169,12.8101945,8.047085265,0,8.40094796,60.52003748,260.7547289,129.7889583,12.504017,12.44215516
PC 36:4,17.61006289,15.79566501,18.41245185,19.31589537,14.25925823,0,14.61859871,110.2219907,424.4401791,217.6460993,20.13514503,20.31570647
PC 36:5,1.11410602,1.05010287,1.15077824,1.268252415,0.613028351,0,0.626057698,4.574514448,43.58600942,22.76298653,2.031902763,2.070452382
PC 36:6,0.022816417,0.023325003,0.025826911,0.022936167,0.009949588,0,0.011681465,0.069219799,0.750883635,0.442333913,0.04054191,0.042789688
PC 38:1,0.026692373,0.028440777,0.030134789,0.03415575,0.022246494,0,0,0,0.557867598,0.270197539,0,0.02587006
PC 38:3,3.371069182,3.476811182,4.036575982,3.983903421,2.531294678,0,2.392134334,16.02301161,79.93940593,38.43749919,3.999446615,3.45075397
PC 38:4,10.42228212,10.76576051,11.5077824,11.80415828,9.948319695,0,9.967226393,73.58338452,251.2381329,125.7954519,12.6878996,12.05333781
PC 38:5,4.751123091,4.359250568,4.992607135,4.922870557,3.150301237,0,2.952197532,25.2081775,103.350232,49.12012883,5.019995061,4.850496426
PC 38:6,4.413297395,4.032747995,4.594260821,4.694835681,3.117140171,0,3.39834957,25.1061201,126.9513899,63.59658956,5.875049165,5.958625869
PC 38:7,0.073959854,0.061861254,0.074993297,0.070984469,0.034443665,0,0.035862159,0.242971526,1.908683814,1.036264121,0.087432658,0.089127495
PC 40:1,0.005288131,0.005227671,0.004740106,0,0,0,0.002645162,0,0,0,0,0
PC 40:2,0.013193224,0.009627686,0.014446401,0.011790804,0.007094706,0,0.006370663,0.048544542,0.162858677,0.070604474,0.008512159,0.008816566
PC 40:4,0.457406361,0.409982354,0.461126822,0.472458987,0.326722985,0,0.34427169,2.591238312,7.077654662,3.350775389,0.377924168,0.383856951
PC 40:5,0.905660377,0.944210143,1.15077824,1.078057109,0.696720691,0,0.731961638,5.284223896,19.41385573,8.869291699,0.992966056,0.957419563
PC 40:6,1.617250674,1.526620138,1.664202378,1.609657948,0.987825147,0,1.177081974,8.090640091,43.39567751,21.36525929,2.215785366,2.167656719
PC 40:7,0.312720225,0.306862792,0.370497392,0.34663418,0.146187508,0,0.175714489,1.256306933,6.043927513,2.968008532,0.314184378,0.263463717
PE 36:2,0.293643339,0.398422482,0.459277067,0,0,0.285237251,0.155978239,0,0,0,0,0.582667956
PE 36:3,0.078793478,0.020497115,0.022420439,4.179234473,0,1.012129536,0.670294605,0.894390494,0,0,0,0.113428154
PE 36:4,0,0.201202773,0.217689038,0,0,0.117783619,0,0,0,0,0,0.352968232
PE 36:5,0,0,0,0,0,0.059677989,0.076967461,0,0,0,0,0
PE 38:3,0.049299635,0.024118791,0,2.045322089,0,0.581494047,0.353909622,0.823190115,0,0,0,0.051242235
PE 38:4,0.332819036,0.633016677,0.6434622,0,0,0.768027835,0,0.907432398,0,0,0,1.137406385
PE 38:5,0.634901247,0.17021585,0.071348187,12.97014223,0,4.797794179,3.725933521,5.254897386,0,0,0,0.466907864
PE 38:6,0.106457345,0.182239602,0.205660745,1.236227699,0,0.125575373,0.126155525,0.30438603,0,0,0,0.490484862
PE 40:4,0,0.009982368,0.014148664,0,0,0,0,0,0,0,0,0
PE 40:5,0.339322426,0.141388256,0.0376315,9.972288388,0,3.107418526,2.164477369,4.338315965,0,0,0,0.276104644
PE 40:6,0.287419178,0.099983458,0.01548576,7.22737972,0,2.311820397,1.609254503,2.99005931,0,0,0,0.157823192
PE 40:7,0.18311038,0.061156948,0.027156175,0,0,1.173173776,0.901897735,1.341678982,0,0,0,0.214648019
PI 32:0,0.040631663,0.03202828,0.040598508,0.037814795,0.027202836,0.024109385,0.025971857,0.024371617,0.017605395,0.043050209,0.049022223,0.046699629
PI 32:1,0.141851993,0.12619748,0.153479458,0.132373872,0.037246436,0.036336567,0.039316426,0.032612833,0.063919705,0.130619412,0.170739487,0.160084911
PI 34:1,0.958828688,0.859850368,1.052331054,0.89210589,0.488249384,0.498399659,0.519943948,0.488882453,0.413250473,0.860570945,1.048711401,1.068705531
PI 34:2,0.931433583,0.841569879,1.032843442,0.896402792,0.655303714,0.714812231,0.714640984,0.668699232,0.381889081,0.775237359,0.966400665,1.010412502
PI 34:3,0.015216027,0.014345473,0.015645239,0.011561688,0.0069033,0.00752492,0.008590367,0.006198535,0.005164,0.010116936,0.012973189,0.01172733
PI 36:1,0,0,0,0,0,0,0,0,0.39190241,0,0,0.93331866
PI 36:2,3.223490733,2.921772995,3.273918836,3.155805483,2.16966595,2.220198677,2.387665943,2.321418313,1.250909091,2.403103771,3.057924832,2.972944478
PI 36:3,0.664595942,0.604248458,0.707569351,0.609864682,0.381453113,0.383791896,0.406336784,0.395647545,0.18312,0.360532625,0.459440636,0.434642005
PI 36:4,0.865302369,0.826486806,0.993868218,0.802225364,0.63248175,0.635388946,0.63347025,0.632918914,0.444675325,0.860570945,1.009507236,0.966627734
PI 36:5,0.006001671,0.003703313,0.005378034,0.005701574,0,0,0.003430188,0,0.003866899,0.006930762,0.008879863,0.008317244
PI 38:4,8.510746072,7.773814793,9.207896726,8.208128685,6.134237369,6.254982812,6.544331351,7.023778486,4.52987013,8.686895388,10.97716606,10.49274521
PI 38:5,0.72232179,0.644270696,0.754571181,0.674613902,0.301773481,0.308232657,0.33134526,0.325807928,0.183247096,0.32658913,0.421396707,0.387196447
PI 38:6,0.074034279,0.064292006,0.081850504,0.068365512,0.054499153,0.054038008,0.056938936,0.055802017,0.035013265,0.068828388,0.082484758,0.085369716
PI 40:4,0.090008157,0.07441469,0.094823481,0.077748332,0.046739448,0.046176733,0.057035206,0.061981623,0.043477878,0.083551364,0.114332486,0.105743287
PI 40:5,0.229663698,0.199640879,0.237334738,0.19473324,0.105800968,0.103421691,0.121365051,0.129988399,0.113350109,0.217484808,0.267336781,0.258994124
PI 40:6,0.258422332,0.221137626,0.267720541,0.22181035,0.137456841,0.138293097,0.159107763,0.162782852,0.135289823,0.256144751,0.324720425,0.312664231
PI 40:7,0.010449846,0.008938741,0.012476311,0.007850702,0.003947728,0,0.003224593,0.004313564,0.002013009,0.004177306,0.004593377,0.005082601
PG 34:1,0.00550884,0.004354811,0.004979066,0.004496208,0.002541227,0.002937149,0.003293919,0.003194771,0.00280581,0.004649108,0.006568413,0.006150314
PG 34:2,0.001117219,0.001055511,0.00121095,0.000863489,0.00076372,0.000999589,0.001076858,0.00097312,0.00054653,0.000774851,0.001239648,0.001269112
PG 36:1,0.005608131,0.004279851,0.005138217,0.004254694,0.001444365,0.001784939,0.002024974,0.001860938,0.003316657,0.005483149,0.007693637,0.007875411
PG 36:2,0.005336503,0.004222042,0.005326892,0.003586132,0.001905921,0.00248528,0.002899775,0.002754113,0.001962345,0.005233645,0.007282932,0.007165604
PG 36:3,0.00053781,0.00049058,0.000549436,0,0,0,0,0,0,0,0.000553537,0.001073864
PG 36:4,0,0,0,0,0,0.000230042,0.000281532,0.000198296,0,0,0,0
PG 38:2,0,0,0,0,0,0,0,0,0,0,0,0
SM 16:0,13.47304178,12.36494912,14.33826777,15.29283849,10.73060472,10.81707855,12.03276335,11.81162015,7.818489794,10.90837351,13.53603601,12.78348697
SM 16:1,1.92614886,1.673974556,2.124964008,2.263890089,1.648378209,1.614022909,1.877520161,1.738666516,1.236022194,1.800224467,2.171801889,2.128782548
SM 18:0,2.662345179,2.62436011,2.36682983,3.395835134,2.131773578,2.036329978,2.52016129,2.412503779,2.041826718,2.28956229,3.54315647,3.465869106
SM 18:1,1.254774858,1.301380219,1.566369133,1.71087877,1.102141442,1.052875159,1.285282258,1.172975975,0.928723858,1.328843996,1.612665902,1.577527563
SM 18:2,0.129906705,0.130140978,0.126617529,0.163141801,0.069996991,0.070899368,0.080630208,0.067780344,0.045080982,0.063716925,0.078059059,0.076872147
SM 18:3,0.005879248,0.006149731,0.005922822,0.00514729,0.003898053,0.003914717,0.004043693,0.00323029,0.002358102,0.003306751,0.003514525,0.004148591
SM 20:0,1.560365783,1.387778906,1.600921394,1.94418042,1.082805627,1.237996066,1.260080645,1.306079632,1.18822023,1.508417508,2.048203408,1.97044335
SM 20:1,0.666743836,0.599390889,0.691045206,0.855505401,0.551070721,0.456496052,0.680443548,0.642756123,0.450704225,0.55667789,0.782790383,0.76823833
SM 20:2,0.043196096,0.04660116,0.053312077,0.055476162,0.026623511,0.025531052,0.031738334,0.02901405,0.016970976,0.025522568,0.0310318,0.029489977
SM 20:3,0.004908879,0.004639438,0.004992983,0.005281403,0.004593287,0.004335444,0.004826143,0.004117372,0.002400791,0.00374677,0.00460247,0.004503536
SM 22:0,3.032758421,2.527161587,3.144255687,3.629136784,2.097935902,2.279301169,2.791078629,2.828452706,2.011096884,2.671156005,3.390129778,3.260614591
SM 22:1,2.106725315,1.889971272,2.286207889,2.704570984,1.551699135,1.781788731,1.896421371,2.162934422,1.379428084,1.607182941,2.036432124,2.111189303
SM 24:0,1.801134391,1.511977018,1.980996257,2.091074052,1.232658191,1.22642601,1.568800403,1.60556286,1.259923175,1.512906846,2.213001383,2.011494253
SM 24:1,4.551452715,4.422532778,4.906420962,5.763414845,3.427273167,3.685063057,4.630796371,4.841645515,3.124199744,4.1661055,5.332391631,4.6973962
SM 24:5,0.009132162,0.008639369,0.008359707,0.010741363,0.008768067,0.009353905,0.01198321,0.010325648,0.007663223,0.011253423,0.013873796,0.013513023
dhSM 16:0,0.4518478,0.401115296,0.451376565,0.550240777,0.323044176,0.326344401,0.377777726,0.360272406,0.282298881,0.388528421,0.494477694,0.474569453
dhSM 18:0,0.105312885,0.084698216,0.101348782,0.110475624,0.051958049,0.05570844,0.066653466,0.064419039,0.107701172,0.146392125,0.186582491,0.174585471
dhSM 20:0,0.018399594,0.016310052,0.018418716,0.022266006,0.011384637,0.013326788,0.015549796,0.016626356,0.020672121,0.027419041,0.036599114,0.035088661
TG 36:0,0.005569287,0.001975203,0.003702969,0,0,0,0,0,0.00683082,0.00726001,0.012060425,0.008343992
TG 36:1,0.00970749,0.007350557,0.008895276,0.009337326,0,0,0,0,0.003580107,0.002994998,0.005118185,0.004068719
TG 38:0,0.018363715,0.010356508,0.014919701,0.014787065,0,0,0,0,0.010316202,0.011581859,0.020743323,0.017569909
TG 38:1,0.035727097,0.027510253,0.032813782,0.049476185,0.018107269,0.005203417,0.003249738,0.002223091,0.015072469,0.015909665,0.020178542,0.019767042
TG 38:2,0.009669853,0.005639599,0.008918358,0.006069673,0,0,0,0,0,0,0.003060548,0.004157486
TG 40:0,0.035413064,0.027928999,0.032066413,0.054870122,0.007748984,0,0,0,0.025567866,0.030835058,0.035373786,0.03190239
TG 40:1,0.035967348,0.027434988,0.033909394,0.051585403,0.007426527,0,0,0,0.014521462,0.015926441,0.022412663,0.017031401
TG 40:2,0.018652701,0.012877394,0.016744362,0.018549811,0,0,0,0,0.009405172,0.010016195,0.011964311,0.012216922
TG 40:3,0.003279096,0.002040387,0.003112069,0,0,0,0,0,0,0,0,0
TG 42:0,0.076857207,0.061645229,0.068828384,0.110433468,0,0,0,0,0.047012755,0.051570741,0.062659726,0.059105326
TG 42:1,0.075225401,0.062021387,0.070147294,0.118231677,0.016795079,0,0.000762765,0,0.055449981,0.064663652,0.066613559,0.067055449
TG 42:2,0.039032214,0.02705599,0.029071842,0.057852993,0.004831708,0.010818466,0.005779849,0.003340801,0.031139123,0.030897863,0.034418332,0.03567896
TG 42:3,0.005663684,0.003680489,0.004193743,0.008648794,0,0,0,0,0.003767902,0.004046508,0.003923575,0
TG 44:0,0.239027994,0.195786448,0.224049129,0.318514827,0.002299453,0,0,0,0.169946448,0.18586328,0.221360593,0.23348731
TG 44:1,0.21644393,0.177430952,0.195360593,0.30617436,0,0,0,0,0.134574648,0.150651027,0.156741719,0.168075174
TG 44:2,0.107227648,0.092777308,0.101095299,0.165206634,0.018441928,0.029436428,0.021682398,0.027816239,0.069510493,0.077310801,0.078009081,0.083892935
TG 44:3,0.028847023,0.024747513,0.029075197,0.038511064,0,0,0,0,0.015667425,0.018340466,0.020540537,0.030277663
TG 46:0,0.708515675,0.683826283,0.723778273,1.152246814,0.042258932,0,0.017233456,0,0.770798898,0.858687259,0.948284587,0.917925112
TG 46:1,0.935739275,0.816438388,0.944951337,1.255288316,0.06236245,0.020000806,0.061689178,0.06895415,0.788329168,0.856899931,0.97956555,0.969620608
TG 46:2,0.423272832,0.358326822,0.400796906,0.596914822,0.093633553,0.102728551,0.11344211,0.145632668,0.316804408,0.33976834,0.361805485,0.373495922
TG 46:3,0.119664251,0.104261546,0.113207547,0.16498994,0,0,0.039088144,0.036884026,0.072176309,0.078624079,0.079192389,0.085803117
TG 48:0,1.207977617,1.474688256,1.422477441,2.762575453,0.380330388,0.301472769,0.419347426,0.416850707,1.930853994,1.990593191,1.783473333,2.213720423
TG 48:1,3.633857686,3.751143442,4.014103162,6.120839128,0.415234614,0.479814026,0.657113856,0.803807255,4.001700039,4.528233384,4.788526247,4.786862076
TG 48:2,2.81225339,2.589200261,3.023555608,3.936955064,0.368805225,0.491746565,0.564874387,0.709474382,2.424242424,2.659178659,2.884323449,2.97787289
TG 48:3,0.79058756,0.714341858,0.799249971,1.052984574,0.111555988,0.160034608,0.206801471,0.225289421,0.545454545,0.592488592,0.63505718,0.686424937
TG 48:4,0.180787718,0.157432623,0.17766319,0.234071093,0.018982994,0.045209432,0.036982928,0.036348212,0.124517906,0.135907336,0.143963162,0.138967402
TG 48:5,0.032570486,0.02635436,0.028829251,0.034926995,0,0,0.016280165,0,0.010962821,0.012061909,0.010975427,0
TG 50:0,0.671784203,0.830393512,0.823157155,1.959758551,0.253553592,0.276761886,0.312117034,0.35335689,0.942699725,1.323130923,0.880983706,1.131255215
TG 50:1,7.826150568,9.534812349,9.198255335,17.66891776,1.890811345,2.803094757,3.41673634,4.346169353,11.27943702,11.77798705,10.53647313,13.07045828
TG 50:2,11.35525462,12.30805173,12.99436237,19.74543732,2.113805314,3.164097673,4.041144007,5.080739417,12.87615621,14.36025189,14.91257136,15.39087427
TG 50:3,6.284525432,5.802582727,6.86745576,8.786049631,0.868228967,1.3689829,1.66015625,2.009717314,5.371900826,5.756405756,6.375872887,6.595063124
TG 50:4,1.44917139,1.347771207,1.485995547,1.931589537,0.224740684,0.365721064,0.528492647,0.499668728,0.931129477,1.024921025,1.141078838,1.197878812
TG 50:5,0.256833345,0.233490381,0.262510254,0.32260228,0.031586613,0.087839021,0.057260921,0.057484691,0.153168044,0.165110565,0.193553284,0.203908584
TG 50:6,0,0,0,0,0,0,0,0,0.01939864,0.025075974,0.025200638,0.02373568
TG 50:7,0,0,0,0,0,0,0,0,0,0,0,0
TG 52:0,0.2726164,0.235802167,0.28594867,0.367538565,0,0,0,0,0.169421488,0.194875395,0.230239854,0.289038736
TG 52:1,2.320225199,2.90610208,2.852644913,6.472709271,0.817920712,1.220246917,1.351504141,2.083727701,3.270195461,4.344207658,3.079346605,3.826081968
TG 52:2,19.93673073,24.0307941,23.19208831,42.48762226,5.722329598,8.79471382,10.37654103,13.46909449,26.9005633,29.46972125,25.54120149,31.24210772
TG 52:3,24.1009259,26.57892739,28.119396,47.53279882,7.91664048,11.98824512,14.90005176,19.13483611,28.0912956,30.59920057,30.86008578,33.23487948
TG 52:4,14.14616833,13.47579796,15.56116728,19.64568759,3.153515552,5.11940347,6.207337998,7.458370683,12.20157581,13.25144828,15.12795269,14.93705086
TG 52:5,2.855298085,2.751025277,2.976678777,3.916834339,0.56281214,0.921715924,1.101026348,1.344412544,1.966942149,2.162162162,2.423843741,2.496702468
TG 52:6,0.441925533,0.402250755,0.445329896,0.591549296,0.065565659,0.059238846,0.140244442,0.178495721,0.308539945,0.328536329,0.35421516,0.37686075
TG 52:7,0.063275701,0.051321648,0.048048752,0.063529822,0.003103674,0.009720095,0.011480387,0.009699186,0.038016529,0.043524044,0.048325068,0.052154836
TG 52:8,0.007305313,0.005354043,0.006298633,0.006334852,0,0,0,0,0.004982312,0.004991304,0.006684549,0.006490378
TG 54:0,0.043702564,0.029494926,0.039982426,0.039292435,0,0,0,0,0.007071322,0.010834684,0.021147915,0.032835682
TG 54:1,0.492379789,0.439618681,0.513685912,0.725446642,0.024146108,0.018562216,0.045956553,0.030417068,0.29521789,0.345845122,0.395112069,0.471628086
TG 54:2,2.045120731,2.439736117,2.473565905,5.119697474,0.713540019,1.088437614,1.186176727,1.707345776,0,2.96341704,2.234963297,0
TG 54:3,7.711910168,8.980862554,8.777254873,14.72042784,1.742523845,2.664223371,3.23253277,4.025391767,0,8.549851292,0,0
TG 54:4,8.36270486,9.012236635,9.512216459,16.35403858,2.427720945,3.666777513,4.507260118,5.86316123,8.315116122,8.700279824,8.395878839,9.517036638
TG 54:5,1.535260779,1.595132304,1.65709598,2.541918176,0.341913177,0.551052684,0.695082721,0.844743816,1.829201102,1.999297999,2.322639409,2.123206547
TG 54:6,1.535260779,1.451801575,1.664127505,2.079141516,0.301575106,0.516457448,0.62231924,0.745362191,1.504132231,1.667953668,1.859629592,1.860749953
TG 54:7,0.429012124,0.298220387,0.417203797,0.51240778,0.026522205,0.098524915,0.12122752,0.131459405,0.415977961,0.452088452,0.506021658,0.524913187
TG 54:8,0.079058756,0.085304901,0.097269425,0.1240778,0,0,0,0.007607272,0.071349862,0.077781678,0.085264649,0.090850359
TG 54:9,0.009724161,0.007553548,0.008854183,0.007929509,0,0,0,0,0.007161054,0.006600189,0.008612407,0.009712355
TG 56:0,0.019862659,0.005060175,0.00927941,0.010511447,0,0,0,0,0,0,0.008539816,0.009004724
TG 56:1,0.067624715,0.047001024,0.071091164,0.083373876,0.005067607,0,0,0,0.02118456,0.02317478,0.02841576,0.03711757
TG 56:10,0.016070019,0.011344372,0.013947886,0.013631347,0,0,0,0,0.009908118,0.011488371,0.012255588,0.013268914
TG 56:2,0.169309133,0.1414813,0.168990976,0.22334004,0.025312764,0.026753607,0.029031147,0.033960782,0.090358127,0.100526501,0.119421111,0.148052437
TG 56:3,0.204893728,0.230486639,0.233916989,0.445343283,0.057614854,0.080752614,0.089830823,0.129930796,0.211847613,0.278274998,0.218856096,0
TG 56:4,0.451969295,0.473916119,0.471112153,0.67739772,0.065486299,0.104266186,0.118907566,0.177198929,0.50137741,0.505440505,0.468070033,0.595574578
TG 56:5,0.968505632,1.024121175,1.075823274,1.220657277,0.307337687,0.509044183,0.626148897,0.839222615,1.187327824,1.291681292,1.141078838,1.409862984
TG 56:6,2.123538274,2.133778429,2.30399625,3.065057009,0.430272762,0.696846891,0.880821078,1.129085689,2.258953168,2.476658477,2.859022366,2.819725968
TG 56:7,1.030203027,0.892349376,1.050041017,1.160295104,0.249711871,0.452209153,0.603170956,0.739840989,0.741046832,0.789048789,0.905778767,0.938787047
TG 56:8,0.396011192,0.388380039,0.417203797,0.506371563,0.063594269,0.102841816,0.129812586,0.159152309,0.493112948,0.744120744,0.819755086,0.847936687
TG 56:9,0.132290695,0.109347475,0.12352045,0.14084507,0.025155245,0.039734804,0.042465631,0.060256424,0.120385675,0.124675325,0.144975205,0.153772645
TG 58:0,0.008026823,0.000497427,0.002174015,0,0,0,0,0,0,0,0.003454648,0.002787351
TG 58:1,0.047624974,0.027723459,0.035842554,0.051202073,0.003858053,0,0,0,0.012113477,0.012665936,0.019182184,0.024456581
TG 58:2,0.081971009,0.057400939,0.084213512,0.105497617,0.009484135,0.00186885,0.006157444,0.006304002,0.023003847,0.02479136,0.03347256,0.038458958
TG 58:3,0.073263888,0.063253391,0.07350584,0.094978313,0.005046062,0.004280654,0.00674823,0.007273811,0.025836844,0.029094465,0.034817494,0.042266503
TG 58:4,0.036587991,0.034907968,0.03890777,0.063612695,0.004725745,0.007372469,0.009836569,0.006937228,0.023237846,0.029203229,0.02732517,0.030392855
TG 58:5,0.060979984,0.058719363,0.067268253,0.081153588,0.008629671,0.013948975,0.015732945,0.023663981,0.068044077,0.060933661,0.07337314,0.087485531
TG 58:6,0.105459502,0.12344937,0.121645377,0.218645205,0.0366922,0.062655671,0.072952328,0.09693544,0.200550964,0.206949807,0.196842425,0.231500175
TG 58:7,0.252528876,0.275102528,0.309387085,0.401073105,0.021449151,0.037158072,0.049579092,0.062565568,0.371900826,0.404352404,0.442768951,0.460981453
TG 58:8,0.337183442,0.295908601,0.358607758,0.384305835,0.050299083,0.085229953,0.108727649,0.133186693,0.391184573,0.415584416,0.508551766,0.494629734
TG 58:9,0.228136882,0.206904842,0.239071839,0.236753856,0.045713274,0.07216173,0.085345014,0.116988071,0.237465565,0.256651457,0.323853861,0.313938464
Cer 14:0,0.00332699,0.002493767,0.003336671,0.039834827,0.003088312,0.003359396,0.001037745,0.001773706,0.001483842,0.002522499,0.031778276,0.003237927
Cer 16:0,0.067859319,0.056038997,0.06103081,0.454724794,0.034801904,0.033152938,0.013411771,0.038331359,0.02902873,0.046413206,0.494077875,0.058658674
Cer 18:0,0.012721051,0.009819378,0.011787853,0.058780277,0.008514888,0.008443267,0.041358979,0.007068999,0.006462684,0.011883203,0.01204358,0.014362625
Cer 18:1,0.004439914,0.003475552,0.003519105,0.020144181,0.007151965,0.006537286,0.001029994,0.006211539,0.001702799,0.003182623,0.036382938,0.003545744
Cer 20:1,0.003287304,0.003703022,0.003697879,0.003632942,0.005810248,0.005163537,0.001408933,0.007399741,0.00335384,0.002574569,0.021291555,0.00355906
Cer 22:0,0.066048764,0.061210013,0.069918604,0.694582031,0.035042009,0.032813696,0.174983642,0.025833234,0.02503203,0.040955576,0.045421852,0.06136329
Cer 22:2,0.003701421,0.004073585,0.005072303,0.067421781,0.004986957,0.005575408,0.027107455,0.005194506,0.002182968,0.004967703,0.004718906,0.004722736
Cer 24:0,0.117566227,0.128613849,0.106992363,1.386164338,0.070042545,0.054891356,0.355564804,0.054130286,0.037198336,0.077610854,0.071769341,0.099139563
Cer 24:1,0.076774813,0.072620769,0.069795935,0.751917317,0.041512322,0.032968842,0.206022424,0.028845559,0.026495137,0.047535978,0.056735144,0.068160698
dhCer 16:0,0.012800417,0.011826959,0.011882061,0.00471837,0.011079459,0.00666102,0.012680728,0.010187989,0.007443025,0.011848374,0.088122956,0.015679295
dhCer 18:0,0.00150698,0.002013253,0.001971981,0.036593089,0.000783151,0.001583251,0.001101835,0.002594528,0.001506896,0.001456307,0.022854164,0.002164731
dhCer 20:0,0.009378352,0.006419864,0.0072074,0.093577087,0.005302444,0.004678398,0.030474939,0.005014577,0.005005936,0.010708645,0.01045213,0.012358175
dhCer 22:0,0.029701519,0.022781454,0.026504555,0.229078604,0.010861236,0.011461161,0.059746025,0.00466146,0.013646974,0.025254829,0.016740638,0.033161343
dhCer 24:0,0.028254829,0.031001256,0.024721387,0.316698988,0.020490525,0.016466097,0.074403308,0.005157455,0.011657188,0.023837803,0.028572584,0.030837769
S1P 18:0,0.040689938,0.033228006,0.032153454,0.022467846,0.063491135,0.075656302,0.054255669,0.029910884,0.027714613,0.034522992,0.015407572,0.046548191
S1P 18:1,0.124128755,0.09843447,0.111084944,0.071073963,0.226838237,0.233397606,0.241688672,0.11052272,0.055243286,0.105282944,0.052555645,0.129233879
S1P 18:2,0.063420941,0.061139868,0.063382949,0.03608153,0.160873195,0.220026794,0.188957701,0.11638322,0.035342804,0.067739826,0.033438035,0.100197193
CE 16:0,2.565456278,2.561628877,2.686961137,5.077676359,7.645843467,12.22787385,9.325431998,18.00223763,3.066641355,4.037175507,2.99822289,3.385928109
CE 16:1,1.221320941,1.189976535,1.158689561,2.601083103,1.209713301,1.764517549,1.513001904,2.557172758,1.540101574,1.705231967,1.489045533,1.596386337
CE 18:0,1.187205831,0.884682128,1.068791233,1.018954912,0.12843493,0.273731471,0.288017535,0.506252725,0.528039296,0.544815907,0.853725229,0.779165329
CE 18:1,11.73559787,12.08144116,12.3,25.68390793,28.67749831,44.72907586,34.30426771,66.0577976,15.27606439,19.1901616,14.6598191,16.0879409
CE 18:2,25.58633256,27.88723636,24.97175777,67.97101157,110.6384966,158.6321876,124.8941786,217.2170822,38.4758729,40.37175507,30.47917192,33.47669034
CE 18:3,3.145413149,2.607047829,2.946667417,4.674686171,1.3008038,2.232913012,2.893860668,4.46662519,3.142831202,3.620785208,4.207450907,3.424187183
CE 20:2,0.175551849,0.150558125,0.173818586,0.173071314,0.127818138,0.247752134,0.194513049,0.3827466,0,0,0.138863188,0
CE 20:3,1.118975611,1.071887261,1.128723451,2.085217581,2.987723783,4.184115738,2.989968404,5.671978215,1.228416099,1.476057309,1.228286817,1.202690416
CE 20:4,13.64604403,11.62725164,12.58576592,23.99134914,25.40259881,35.62722903,31.14028185,53.11403996,16.97128849,20.27639716,18.71818711,16.29836581
CE 20:5,1.569295064,1.144557583,1.34847492,1.1225112,0.344182651,0.52556845,0.56137157,0.830256644,2.323790343,2.661277128,3.346083005,2.525098929
CE 22:4,0,0,0,0,0.062723744,0.152209382,0.104262447,0.152399118,0,0,0,0
CE 22:5,0.314178032,0.192625578,0.171090122,0.287461128,0,0.118132542,0.139098511,0.209457302,0.216490725,0,0,0.235907356
CE 22:6,2.353942595,1.780422908,2.577085402,2.450555589,0.862242895,1.320361401,1.414193853,1.927982883,2.91426166,3.041459575,4.008673699,3.079855511
CH 27:0,39.38084661,26.88344064,37.29119185,27.73529087,15.79067149,14.20460765,19.72266634,16.677028,13.82863945,26.9009493,33.28482188,23.69306682
O-PC 32:0,0.117563612,0.104689098,0.117720456,0.1170188,0.093570116,0,0.088536217,0.686520029,1.925498329,1.032994937,0.098097539,0.102726078
O-PC 32:1,0.137153805,0.118680622,0.141802228,0.13977137,0.111680714,0,0.116767001,0.818661844,2.746678553,1.314614232,0.125674085,0.126194726
O-PC 32:2,0.017207272,0.012571767,0.014966635,0.015501128,0.008796766,0,0.010492979,0.066810012,0.287117599,0.136505656,0.010874969,0.012344052
O-PC 34:1,0.228911258,0.220088308,0.294194333,0.250313263,0.198678349,0,0.219754471,1.381556397,5.476644894,2.381989109,0.238751752,0.254858995
O-PC 34:2,0.525652291,0.485420233,0.569510513,0.536741868,0.518692484,0,0.489748307,3.301766643,9.499274312,4.820105078,0.461937693,0.443650728
O-PC 34:3,0,0.468005744,0.563769923,0.591637458,0.62326227,0,0.629781751,3.966250948,11.94846449,5.46369308,0.377120089,0.50959036
O-PC 36:2,0.220689807,0.178258415,0.20617447,0.206039105,0.150455047,0,0.158381761,1.053456882,3.037325327,1.465235223,0.158275571,0.152775847
O-PC 36:4,1.351302785,1.288361504,1.274708205,1.201494634,1.37065738,0,1.385919098,9.942032745,23.98182178,12.87905817,1.094101488,1.156731613
O-PC 36:5,0.999101527,0.794222185,0.938326873,0.998739437,0.954008183,0,1.044185622,8.249670777,21.31717492,11.28165561,0.965383666,0.917526368
O-PC 36:6,0,0.012321137,0.016907899,0.011786303,0.009871376,0,0.00907124,0.067483681,0.614012897,0,0.027646971,0.030239608
O-PC 38:1,0.013830295,0.011604763,0.014959002,0.014259667,0.008248676,0,0.007442683,0.044298938,0.21874124,0.110305479,0.012313405,0.011464959
O-PC 38:2,0.031744244,0,0.033816247,0.039565059,0.02043344,0,0.019562879,0,0.411955089,0.196044775,0,0.026158366
O-PC 38:4,1.315363881,1.058927263,1.274708205,1.310144333,0.974630884,0,0.847810877,6.128934487,19.98485148,9.271818925,0.974577796,0.991484239
O-PC 38:5,1.940700809,1.66781044,2.159922236,2.0657277,1.635945905,0,1.689682189,12.24688785,36.16306459,17.37175288,1.627361036,1.846882407
O-PC 38:6,0.367200732,0.537885313,0.643367339,0.67839222,0.5032634,0,0.478337565,3.510501132,11.55553115,4.905304666,0.481897517,0.551747395
O-PC 38:7,0.056308835,0.058713837,0.068338208,0.067622778,0.082906966,0,0.0568005,0.444870123,1.78032593,0.920441889,0.101112262,0.086668541
O-PC 40:1,0.013615428,0.010957347,0.015720615,0,0.005116501,0,0.005707904,0.023819417,0.172829059,0.098213025,0.012931513,0.0114282
O-PC 40:2,0.032816572,0.024532802,0.035339889,0.028183269,0.015279452,0,0.017726275,0.113605164,0.401544097,0.209691721,0.024428363,0.02339053
O-PC 40:4,0.287399982,0.234799345,0.30130892,0.282508786,0.176299306,0,0.165151762,1.259544258,4.205430617,2.089744186,0.230691437,0.229407041
O-PC 40:5,0.474837071,0.396537287,0.520001345,0.494015912,0.279927664,0,0.250540184,1.746636985,6.190263733,3.194075563,0.338831968,0.345953176
O-PC 40:6,0.355806837,0.291051221,0.387440754,0.374568796,0.249266901,0,0.210055238,1.564513261,5.466437155,2.655192058,0.279412822,0.2953829
O-PC 40:7,0.198734717,0.175661065,0.209002203,0.217405827,0.155534307,0,0.145763664,1.04316433,4.006646178,1.899826311,0.21163478,0.211614808
O-PC 40:8,0.024430214,0.022885392,0.028771943,0.026130725,0.020695841,0,0.017964666,0.128230258,0.518359167,0.248951898,0.027335101,0.025825931
P-PC 32:0,0.137153805,0.118680622,0.141802228,0.13977137,0.111739431,0,0.116768391,0.818128111,2.746678553,1.314614232,0.125674085,0.126194726
P-PC 34:0,0.228911258,0.220088308,0.294194333,0.250313263,0.198782805,0,0.219757088,1.38065568,5.476644894,2.381989109,0.238751752,0.254858995
P-PC 38:0,0.013830295,0.011604763,0.014959002,0.014259667,0.008253013,0,0.007442771,0.044270057,0.21874124,0.110305479,0.012313405,0.011464959
P-PC 40:0,0.01361748,0.010957347,0.015720615,0,0.005119191,0,0.005707972,0.023803888,0.172829059,0.098213025,0.012931513,0.0114282
O-PE 34:1,0,0.00724677,0.011842575,0,0,0,0,0,0,0,0,0
O-PE 34:2,0.037272482,0.041897707,0.05311786,0,0,0,0,0,0,0,0,0.070811836
O-PE 34:3,0.081891565,0.115086502,0.130014072,0,0,0,0,0,0,0,0,0.155390119
O-PE 34:4,0,0,0,0,0,0,0,0,0,0,0,0
O-PE 36:2,0.04570902,0,0,0,0,0,0,0,0,0,0,0.073138162
O-PE 36:3,0.229968467,0.250451281,0.285654664,0,0,0,0,0,0,0,0,0.369969255
O-PE 36:4,0.103798319,0.189786224,0.196896402,0,0,0,0,0,0,0,0,0.239494562
O-PE 36:5,0.305698058,0.469075057,0.478607516,0,0,0,0,0,0,0,0,0.700660639
O-PE 36:6,0,0.019022766,0.016703297,0,0,0,0,0,0,0,0,0.0442199
O-PE 38:2,0,0,0,0,0,0,0,0,0,0,0,0
O-PE 38:4,0,0,0,0,0,0,0,0,0,0,0,0
O-PE 38:5,0.678604216,1.004491992,1.087644892,1.067976366,0,0,0,0,0,0,0,1.475978887
O-PE 38:6,0.348236926,0.682484292,0.687183816,0.675794286,0,0,0,0,0,0,0,1.004246972
O-PE 38:7,0.137892971,0.235098417,0.244635644,0,0,0,0,0,0,0,0,0.448788474
O-PE 40:3,0,0,0,0,0,0,0,0,0,0,0,0
O-PE 40:5,0,0.076784842,0.084459216,0,0,0,0,0,0,0,0,0.09723716
O-PE 40:6,0.060982496,0.139628155,0.146082199,0,0,0,0,0,0,0,0,0.189744731
O-PE 40:7,0.131958139,0.252912859,0.274357889,0,0,0,0,0,0,0,0,0.443756241
O-PE 40:8,0,0.106005423,0.117396443,0,0,0,0,0,0,0,0,0.184287916
O-PE 40:9,0,0,0,0,0,0,0,0,0,0,0,0
O-DG 30:2,0.101481718,0.122350877,0.240643685,0.357112248,0.220511212,0.133005784,0.312970633,0.517406798,0.300732443,0.268021833,0.228639174,0.103164854
O-TG 50:0,0.004218462,0.002878485,0.003846821,0,0.00226117,0.002184851,0.001968533,0.00212079,0,0,0,0
O-TG 50:1,0.025705853,0.020794096,0.026990963,0.025752638,0.006743438,0.011021785,0.009869603,0.012980585,0.012007032,0.01419781,0.016994911,0.019827809
O-TG 50:2,0.008430718,0.007002276,0.008351432,0.007447042,0.003561002,0.001779533,0.002551321,0.00754947,0.003945506,0.004220641,0.004989887,0.005597563
O-TG 52:1,0.012578805,0.008409318,0.011230232,0.011750202,0.005370364,0.004946673,0.004825818,0.005815786,0.004378046,0.004837612,0.007002406,0.007763526
O-TG 52:2,0.028983428,0.022987077,0.029766788,0.028465316,0.00860676,0.009421521,0.010927354,0.014605176,0.012181694,0.014683659,0.01865803,0.019798586
O-TG 52:3,0.010462535,0.008940465,0.010651561,0.010226973,0.00216622,0.005602419,0.006534716,0.004378599,0.005085849,0.005176832,0.006312466,0.006552168
O-TG 54:1,0.003158178,0,0,0,0,0,0,0,0,0,0,0
O-TG 54:2,0.006071367,0.003896026,0.005545746,0.004508745,0.002068173,0.001398638,0.001865904,0.00159945,0,0,0.003634079,0.003713632
O-TG 54:3,0.005585603,0.004177977,0.005900851,0.006435721,0.001175302,0,0,0,0,0,0.003234558,0.003702283
O-TG 56:2,0.004122333,0.002635664,0.00388734,0,0,0,0,0,0,0,0,0
LPC 14:0,0.024535372,0.023912527,0.016822086,0.019206093,0.016626595,0.026577924,0.030675186,0.010723068,0.027968775,0.035527271,0.025153475,0.041217535
LPC 16:0,2.898166711,2.839802683,2.054859855,2.212028578,3.442502895,5.378490684,5.923727041,2.112799646,3.46166395,3.697968568,2.91395678,5.100315368
LPC 16:1,0.196881348,0.1908491,0.13526413,0.169168332,0.107787659,0.160927704,0.196472547,0.062263502,0.159511159,0.162589521,0.129737646,0.24217953
LPC 18:0,1.938316433,1.761475718,1.249921604,1.735478748,2.727888432,4.012822701,4.882560349,1.603917513,2.426784637,2.403374154,2.25003038,3.137880529
LPC 18:1,1.196231582,1.097296683,0.754996564,1.012306561,1.024383274,1.604486665,1.90350737,0.634779081,1.120643412,1.008822881,1.020532707,1.382203068
LPC 18:2,1.292601173,1.174533278,0.867346832,0.923476085,1.207735596,1.875092173,1.957253363,0.689470874,0.967150771,1.062247544,0.712460444,1.344596021
LPC 18:3,0.032114803,0.029397018,0.021610569,0.021753558,0.022350518,0.039429045,0.040988536,0.01464739,0.026207055,0.0321693,0.019064654,0.036766892
LPC 20:0,0.012484048,0.012259971,0.008993032,0.013118296,0.020526998,0.028482518,0.036146456,0.012090135,0.016561574,0.014029761,0.013009693,0.018863686
LPC 20:1,0.02544605,0.025155864,0.016255154,0.022144518,0.033406086,0.04489914,0.066634159,0.02052162,0.032060753,0.029067418,0.028626497,0.03636422
LPC 20:2,0.018632205,0.017909422,0.012558135,0.013530949,0.025168252,0.044504284,0.04785141,0.016362902,0.021383905,0.024326063,0.016908159,0.027353028
LPC 20:3,0.142825878,0.141162476,0.097975553,0.134033083,0.13473364,0.180537374,0.234961213,0.075704273,0.143098493,0.136449316,0.137340571,0.198598337
LPC 20:4,0.49014074,0.427672507,0.330906169,0.334455548,0.63947818,0.874169097,1.056045517,0.370133775,0.555429694,0.584370209,0.395455792,0.731266557
LPC 20:5,0.019077875,0.021194081,0.013383116,0.021033557,0.015646627,0.022471052,0.028735738,0.009210935,0.048679142,0.037740171,0.043303749,0.055560398
LPC 22:0,0.003828695,0.00405461,0.002539222,0.003296013,0.004692553,0.006928395,0.007541521,0.002734836,0.003373259,0.003816396,0.002422716,0.004301993
LPC 22:1,0.002766546,0.002723386,0.001819412,0.002372392,0.002921575,0.004661412,0.005278,0.001791097,0.00287012,0.002955118,0.00203883,0.003192944
LPC 22:2,0.00100497,0.000851,0.000642,0.000809,0.001187043,0.002022747,0.002221337,0.000852,0.000899,0.000932,0.000855,0.001259821
LPC 22:3,0.000796,0.000653,0.000511,0.000616,0.001023327,0.001516026,0.001822534,0.000557,7.00E-04,0.000672,0.000577,0.000953
LPC 22:4,0.019179681,0.019660516,0.012867213,0.015300304,0.024584427,0.037702482,0.046654129,0.015229597,0.019217743,0.019500258,0.013491053,0.023047125
LPC 22:5,0.043838767,0.04230972,0.028310775,0.037989314,0.043703504,0.061678038,0.075331706,0.025557076,0.05391471,0.04882212,0.044513382,0.065307022
LPC 22:6,0.067575424,0.060839838,0.045391426,0.041135443,0.085680075,0.135734087,0.150901151,0.049116004,0.087500156,0.100921941,0.054567743,0.114844633
LPC 24:0,0.005380993,0.004987676,0.003669112,0.004935152,0.005609536,0.000428,0.00942292,0.000179,0.004837438,0.005037273,0.003780492,0.005863377
LPC 24:1,0.002966357,0.00293416,0.00180431,0.002708491,0.002724941,0.004296802,0.004780036,0.001667763,0.002645782,0.002626637,0.001942517,0.003037307
LPC 26:0,0.001521692,0.001387557,0.000744,0.001102581,0.001584734,0.002280464,0.002270454,0.000772,0.00111607,0.001244753,0.00086,0.001297303
LPE 16:0,0.121238299,0.126688926,0.066985155,0.104303892,0.131280564,0.226189129,0.26072807,0.097168095,0.204468439,0.201539416,0.139190423,0.232442804
LPE 16:1,0.004659618,0.004033509,0.00349842,0.004625786,0.002590133,0.001686088,0.002149914,0.000982,0.004125371,0.003384629,0.003099387,0.005027398
LPE 18:0,0.152218636,0.123747524,0.106393615,0.187856684,0.205701265,0.264601589,0.449134216,0.152719445,0.278892027,0.212069953,0.345149451,0.37826006
LPE 18:1,0.09197602,0.085350894,0.063183592,0.095145029,0.0830726,0.123331732,0.146530703,0.052129095,0.09897549,0.09659967,0.089253126,0.114141017
LPE 18:2,0.27041673,0.238764778,0.206539366,0.330820799,0.178860316,0.228899182,0.302365908,0.113115706,0.202123093,0.172806993,0.251201195,0.294469461
LPE 20:1,0.002604048,0.002824089,0.0021276,0.002628298,0.003167787,0.003662134,0.005443152,0.002419831,0.004613684,0.003501592,0.003253425,0.005045599
LPE 20:2,0.001789158,0.001392825,0.001018748,0.001637372,0.001999882,0.002398951,0.002629223,0.00092,0.002320491,0.002221271,0.00095,0.002292721
LPE 20:4,0.091801267,0.075976385,0.06077056,0.098719944,0.073537763,0.109354431,0.125935883,0.049871848,0.086436678,0.083881321,0.091274855,0.10835731
LPE 20:5,0.009903234,0.007998855,0.007679095,0.01281722,0.006409383,0.006952665,0.010820644,0.004279323,0.015888442,0.013013128,0.015175247,0.017384355
LPE 22:5,0.009587539,0.009635276,0.007473413,0.008054834,0.008103889,0.012385555,0.012540499,0.005517954,0.009796787,0.012138655,0.00690409,0.011981313
LPE 22:6,0.037915391,0.037618123,0.025827122,0.05372921,0.036624357,0.042966846,0.05540001,0.020230813,0.064684961,0.056149192,0.082982338,0.07430523
LPS 18:0,0.002347791,0.001280883,0.001060617,0.001155156,0.002722436,0.002786076,0.005163069,0.001124998,0.001333755,0.002415639,0.001752394,0.002921332
LPS 18:1,0.001283276,0.001061913,0.001137788,0.001240463,0.001585774,0.002272717,0.004041954,0.000521,0.002118105,0.002011728,0.001248216,0.002531037
LPS 18:2,0.00044,0.000557,0.000195,6.41E-05,0.000492,0.000555,0.001075767,0.000435,0.00046,0.000548,0.000178,0.000653
LPS 20:4,0.001642208,0.000981,0.001118126,0.000217,0.002433148,0.002529318,0.003430043,0.001565972,0.0024897,0.002632997,0.001589615,0.002778401
LPS 22:6,0.001430816,0.000822,0.001283334,0.000434,0.000772,0.002282558,0.001597904,0.000745,0.001137842,0.000892,0.000831,0.001296843
LPA 16:0,0.188554866,0.176632684,0.169334401,0.147716478,0.202663582,0.263869783,0.36887148,0.102566424,0.23459803,0.164569433,0.138909912,0.216687692
LPA 16:1,0.007139414,0.006931915,0.007054444,0.00771099,0.003829647,0.005520432,0.007740795,0.0021024,0.006986276,0.004411993,0.005207994,0.006937091
LPA 18:0,0.053434485,0.055690224,0.042153269,0.045359561,0.078360507,0.112380367,0.151423537,0.043932452,0.080063811,0.068309175,0.047154074,0.071215614
LPA 18:1,0.024771123,0.022568655,0.016153956,0.022987433,0.042659736,0.054991328,0.077131426,0.023979901,0.08498247,0.119061235,0.08687409,0.196814201
LPA 18:2,0.113962301,0.109409299,0.073830548,0.108542132,0.118212315,0.159824821,0.233649273,0.066877087,0.340959763,0.490495158,0.337005706,0.790254972
LPA 18:3,0.003164115,0.002426357,0.002412407,0.002726043,0.002222738,0.002990051,0.004255749,0.001463068,0.009460922,0.012605237,0.008981166,0.019916549
LPA 20:3,0.006607232,0.00684412,0.005296512,0.007227845,0.009740378,0.011945393,0.015814934,0.005065628,0.029370011,0.034036921,0.028326388,0.058422048
LPA 20:4,0.041172391,0.038115712,0.029808911,0.036571883,0.086429892,0.120969913,0.171035793,0.055413109,0.164069557,0.225262445,0.150290814,0.3441589
LPA 20:5,0.002406706,0.00289366,0.002331372,0.00287575,0.003601061,0.004680434,0.007019837,0.001720958,0.016474222,0.022117596,0.019895637,0.037351903
LPA 22:5,0.002048373,0.002623725,0.001688219,0.001708214,0.001966142,0.001914207,0.003643817,0.001139084,0.002549519,0.001951856,0.001427439,0.002181245
LPA 22:6,0.038125274,0.033062666,0.035525437,0.028372662,0.03836405,0.058214825,0.074702998,0.021102562,0.049298757,0.039148034,0.027046113,0.043058247
LPI 16:0,0.011085351,0.011146381,0.007201526,0.008671107,0.032377353,0.038405874,0.058900949,0.020812521,0.008826508,0.013630162,0.008771831,0.020355082
LPI 16:1,0.009535069,0.010251126,0.006126238,0.005817346,0.002184116,0.002676803,0.003797441,0.001532505,0.005142494,0.00674248,0.00508884,0.010526374
LPI 18:0,0.046281095,0.042967336,0.033394406,0.031825891,0.181024777,0.232158985,0.349389921,0.122116193,0.05123087,0.068369433,0.043372677,0.101584846
LPI 18:1,0.036396613,0.034333507,0.027687341,0.026615928,0.031011234,0.046972511,0.065726225,0.023889189,0.033584699,0.047823603,0.030280635,0.066127998
LPI 18:2,0.046136083,0.049880595,0.033469191,0.02900936,0.037306537,0.049396716,0.074479469,0.023893699,0.037225718,0.061373288,0.02999256,0.082049364
LPI 20:4,0.056754774,0.056610061,0.037764798,0.04644102,0.048463891,0.060369772,0.093147422,0.030656589,0.058310482,0.080828778,0.060390551,0.115470938
LPG 16:0,0.065375415,0.057395564,0.041373549,0.053996099,0.064488921,0.066523513,0.099042273,0.035184992,0.057080547,0.042414055,0.044829364,0.066769731
LPG 16:1,0.95887572,0.816594204,0.641688643,0.78391046,0.908592021,0.984861997,1.445685107,0.541882769,0.878518598,0.605106824,0.681215834,1.050850288
LPG 18:0,0.026294397,0.021067464,0.018046996,0.018838318,0.029694791,0.037035232,0.048268544,0.018723649,0.026815583,0.020158429,0.018013311,0.031561927
LPG 18:1,0.33642132,0.279074974,0.215006604,0.239305916,0.411690907,0.450274095,0.595174686,0.231790329,0.34730864,0.24695285,0.230583065,0.384549656
LPG 18:2,0.251943953,0.204462542,0.174141785,0.19445365,0.195943945,0.222856349,0.334639164,0.115305577,0.197002913,0.153869478,0.133271476,0.233909857
LPG 18:3,0.32230415,0.271336842,0.217459099,0.307199143,0.232575616,0.266417359,0.423249277,0.137562133,0.239031255,0.152223172,0.192801154,0.279741446
LPG 20:1,0.00144139,0.001434814,0.00092,0.001274461,0.0018506,0.001905972,0.00329571,0.001058043,0.001585087,0.001229489,0.00109675,0.001850624
LPG 20:2,0.002242476,0.00178899,0.001430164,0.00171336,0.003208103,0.004446055,0.005312478,0.001652609,0.002398254,0.001970135,0.001737248,0.003079587
LPG 20:3,0.004154537,0.003350145,0.003196155,0.003638345,0.005261157,0.005913146,0.008316895,0.003151048,0.004104642,0.002787588,0.002969681,0.004773532
LPG 20:4,0.018799383,0.015139881,0.011146579,0.014494948,0.010100957,0.017441873,0.023764349,0.008275858,0.015513689,0.012037007,0.010907524,0.018184085
LPG 20:5,0.034060422,0.027927911,0.021627053,0.033147536,0.037704364,0.039822698,0.060584714,0.020840162,0.035887522,0.025060605,0.030898959,0.039050319
LPG 22:5,0.001150368,0.001342516,0.000581,0.000906,0.001375708,0.001840947,0.002411558,0.000843,0.00128123,0.000811,0.000951,0.001330339
LPG 22:6,0.003456631,0.00271397,0.002196168,0.002336921,0.00318659,0.003774796,0.005009837,0.00171322,0.002215585,0.002255738,0.001553875,0.003433581
O-LPC 16:0,0.025934661,0.024573712,0.017314735,0.029287224,0.033282167,0.042273372,0.052612765,0.018223505,0.03709114,0.03725351,0.040394208,0.053784225
O-LPC 18:0,0.115427311,0.110925674,0.076562871,0.08516817,0.154087346,0.29604109,0.302954002,0.10806876,0.151291375,0.186966751,0.095969252,0.194920795
O-LPC 20:0,0.037424212,0.034810017,0.024090188,0.034582515,0.041149942,0.055897364,0.070410119,0.025186504,0.028118213,0.02681749,0.029122324,0.04328856
O-LPE 16:0,0.003700616,0.002482459,0.002094493,0.003483439,0.014246553,0.018538666,0.024753907,0.00952866,0.005181516,0.00456892,0.005361178,0.007031618
O-LPE 16:1,0.059529169,0.056367138,0.044746505,0.077912479,0.335796031,0.37662224,0.58249021,0.21529398,0.128435167,0.098000515,0.113488607,0.147801994
O-LPE 18:0,0.001743937,0.002926538,0.001462493,0.002242749,0.00334797,0.00630821,0.00695933,0.002729482,0.004768092,0.004083386,0.003579145,0.004489368
O-LPE 18:1,0.034282189,0.029882009,0.020840046,0.02338835,0.038620534,0.050196384,0.059762421,0.021532193,0.020013264,0.022198367,0.017911617,0.03355391
O-LPE 18:2,0.027963999,0.026113525,0.020598189,0.029593959,0.14144146,0.203014774,0.21586692,0.079936006,0.044888987,0.040552155,0.037068626,0.053657699
O-LPA 18:0,0.046462484,0.039213341,0.026973788,0.036977439,0.04275939,0.064158606,0.085964832,0.024704285,0.029775914,0.031385503,0.029999107,0.049394252
dhCer 16:01,0.012800417,0.011826959,0.011882061,0.00471837,0.011079459,0.00666102,0.012680728,0.010187989,0.007443025,0.011848374,0.088122956,0.015679295
dhCer 18:01,0.00150698,0.002013253,0.001971981,0.036593089,0.000783151,0.001583251,0.001101835,0.002594528,0.001506896,0.001456307,0.022854164,0.002164731
dhCer 20:01,0.009378352,0.006419864,0.0072074,0.093577087,0.005302444,0.004678398,0.030474939,0.005014577,0.005005936,0.010708645,0.01045213,0.012358175
dhCer 22:01,0.029701519,0.022781454,0.026504555,0.229078604,0.010861236,0.011461161,0.059746025,0.00466146,0.013646974,0.025254829,0.016740638,0.033161343
dhCer 24:01,0.028254829,0.031001256,0.024721387,0.316698988,0.020490525,0.016466097,0.074403308,0.005157455,0.011657188,0.023837803,0.028572584,0.030837769
P-LPA 16:0,0.003378586,0.002038036,0.001834742,0.001904929,0.001394486,0.001266476,0.003097715,0.000934,0.002121857,0.001221996,0.000816,0.003155911
P-LPA 16:1,0.005997644,0.006432787,0.004389429,0.004488917,0.007437988,0.009128686,0.010844697,0.003544083,0.008927939,0.005438697,0.004678666,0.007328269
P-LPA 18:0,0.033961581,0.032255716,0.024206718,0.027795619,0.037132986,0.051419258,0.06531611,0.019082872,0.022197983,0.023635368,0.017451038,0.033319256
P-LPC 16:0,0.050233913,0.048788854,0.031912037,0.048229398,0.127491447,0.188430253,0.231891419,0.073965238,0.074891771,0.06937784,0.070400054,0.099807453
P-LPC 16:1,0.000597853,0.000463366,0.000337755,0.000421175,0.000827785,0.00121497,0.001398665,0.000580829,0.000643139,0.000712411,0.000430666,0.000757731
P-LPC 18:0,0.01787743,0.01614645,0.010983274,0.012088352,0.014150705,0.021152329,0.025151669,0.008099488,0.01847216,0.01787586,0.012993516,0.02362416
P-LPC 18:1,0.001215048,0.001155111,0.000692034,0.001021431,0.002428108,0.004002636,0.004142625,0.001636395,0.001164402,0.001411053,0.000839145,0.001441925
P-LPC 20:0,0.005714355,0.006055021,0.003821084,0.004701368,0.007568695,0.01309981,0.015026501,0.00496729,0.006235649,0.007144579,0.004527646,0.008143011
P-LPC 20:1,0.000625547,0.000600154,0.000510274,0.0006059,0.000706225,0.001571608,0.00153972,0.000439769,0.00063501,0.000735264,0.000557889,0.000924266
